,Unnamed: 0,profile,item,rating
0,0,32,0,1
1,1,32,4,1
2,2,32,10,1
3,3,32,6,2
4,4,32,2,2
5,5,234,6,3
6,6,234,10,1
7,7,234,2,3
8,8,547,10,1
9,9,626,1,3
10,10,626,2,4
11,11,626,6,3
12,12,626,8,2
13,13,626,10,1
14,14,626,5,2
15,15,162,6,2
16,16,162,10,1
17,17,162,2,2
18,18,248,6,1
19,19,248,2,1
20,20,121,6,2
21,21,121,10,1
22,22,121,2,2
23,23,252,3,1
24,24,252,6,2
25,25,252,1,2
26,26,252,8,1
27,27,252,2,2
28,28,574,9,2
29,29,574,6,3
30,30,574,1,2
31,31,574,10,2
32,32,574,2,3
33,33,135,9,3
34,34,135,6,2
35,35,135,2,2
36,36,597,9,2
37,37,597,6,2
38,38,597,2,2
39,39,332,1,3
40,40,332,2,3
41,41,332,3,2
42,42,332,6,3
43,43,332,7,1
44,44,332,8,3
45,45,332,9,4
46,46,332,10,1
47,47,332,11,3
48,48,428,10,1
49,49,428,6,1
50,50,428,1,1
51,51,428,2,2
52,52,190,0,1
53,53,190,6,2
54,54,190,10,1
55,55,190,2,2
56,56,576,9,2
57,57,576,6,3
58,58,576,10,2
59,59,576,11,3
60,60,576,2,3
61,61,488,9,2
62,62,488,6,1
63,63,488,2,1
64,64,306,6,3
65,65,306,10,3
66,66,306,2,3
67,67,374,6,2
68,68,374,2,2
69,69,457,6,3
70,70,457,10,2
71,71,457,2,3
72,72,478,9,3
73,73,478,6,3
74,74,478,2,3
75,75,0,6,2
76,76,0,10,1
77,77,0,2,3
78,78,2,9,2
79,79,2,6,2
80,80,2,10,2
81,81,2,2,2
82,82,142,9,2
83,83,142,6,3
84,84,142,2,3
85,85,86,6,3
86,86,86,2,3
87,87,226,6,1
88,88,226,2,1
89,89,384,9,2
90,90,384,6,3
91,91,384,10,1
92,92,384,2,3
93,93,28,9,2
94,94,28,6,3
95,95,28,10,2
96,96,28,2,3
97,97,518,9,3
98,98,518,6,4
99,99,518,2,4
100,100,101,0,1
101,101,101,1,2
102,102,101,2,3
103,103,101,6,2
104,104,101,8,2
105,105,101,9,1
106,106,566,6,1
107,107,566,2,1
108,108,418,6,3
109,109,418,10,2
110,110,418,2,3
111,111,620,9,4
112,112,620,6,3
113,113,620,11,3
114,114,620,2,3
115,115,453,6,3
116,116,453,2,4
117,117,586,2,3
118,118,586,6,3
119,119,586,7,2
120,120,586,9,3
121,121,586,10,1
122,122,586,5,1
123,123,473,9,2
124,124,473,6,3
125,125,473,10,2
126,126,473,11,3
127,127,473,2,3
128,128,460,9,1
129,129,460,2,1
130,130,151,1,3
131,131,151,2,3
132,132,151,6,3
133,133,151,8,2
134,134,151,9,2
135,135,151,10,2
136,136,151,11,2
137,137,247,9,3
138,138,247,11,4
139,139,247,4,2
140,140,247,6,3
141,141,247,2,3
142,142,625,9,1
143,143,625,6,3
144,144,625,1,1
145,145,625,10,3
146,146,625,2,4
147,147,449,6,3
148,148,449,1,2
149,149,449,8,2
150,150,449,2,3
151,151,417,1,2
152,152,417,2,3
153,153,417,4,2
154,154,417,6,2
155,155,417,7,3
156,156,417,5,3
157,157,388,6,4
158,158,388,10,1
159,159,388,2,3
160,160,11,1,3
161,161,11,2,2
162,162,11,6,2
163,163,11,8,2
164,164,11,9,3
165,165,11,10,1
166,166,11,11,2
167,167,373,10,3
168,168,373,6,2
169,169,373,1,1
170,170,373,2,2
171,171,251,1,1
172,172,251,2,2
173,173,251,6,2
174,174,251,9,2
175,175,251,10,1
176,176,251,11,2
177,177,331,7,3
178,178,331,6,3
179,179,331,1,2
180,180,331,2,3
181,181,331,5,1
182,182,98,9,1
183,183,98,6,2
184,184,98,1,1
185,185,98,2,2
186,186,324,0,3
187,187,324,2,3
188,188,324,4,3
189,189,324,6,3
190,190,324,9,3
191,191,324,11,3
192,192,320,10,2
193,193,320,6,3
194,194,320,7,2
195,195,320,2,4
196,196,562,9,2
197,197,562,11,2
198,198,562,4,1
199,199,562,6,2
200,200,562,2,2
201,201,264,9,2
202,202,264,11,2
203,203,264,6,3
204,204,264,8,1
205,205,264,2,3
206,206,75,9,1
207,207,75,6,1
208,208,75,2,1
209,209,134,9,1
210,210,134,6,1
211,211,134,2,2
212,212,159,9,2
213,213,159,6,2
214,214,159,2,2
215,215,561,0,2
216,216,561,6,2
217,217,561,10,1
218,218,561,2,2
219,219,171,9,1
220,220,171,6,1
221,221,171,2,1
222,222,536,9,1
223,223,536,6,1
224,224,536,10,2
225,225,536,2,1
226,226,117,2,3
227,227,117,6,2
228,228,117,7,1
229,229,117,11,2
230,230,117,9,1
231,231,117,5,1
232,232,249,10,2
233,233,249,6,3
234,234,249,1,2
235,235,249,2,3
236,236,9,1,2
237,237,9,2,3
238,238,9,6,3
239,239,9,8,2
240,240,9,10,2
241,241,9,5,2
242,242,527,9,1
243,243,527,6,2
244,244,527,10,1
245,245,527,2,2
246,246,570,10,1
247,247,570,6,2
248,248,570,7,1
249,249,570,2,2
250,250,124,6,3
251,251,124,2,3
252,252,241,3,1
253,253,241,9,1
254,254,241,6,3
255,255,241,10,1
256,256,241,2,2
257,257,283,6,2
258,258,283,10,2
259,259,283,2,2
260,260,545,9,2
261,261,545,6,3
262,262,545,11,3
263,263,545,2,3
264,264,463,1,2
265,265,463,2,3
266,266,463,6,3
267,267,463,9,2
268,268,463,10,1
269,269,463,11,2
270,270,271,6,2
271,271,271,10,3
272,272,271,2,2
273,273,380,6,2
274,274,380,2,2
275,275,380,5,1
276,276,1,9,2
277,277,1,6,2
278,278,1,10,2
279,279,1,2,2
280,280,197,6,3
281,281,197,7,1
282,282,197,2,3
283,283,404,9,1
284,284,404,6,1
285,285,404,2,1
286,286,58,10,1
287,287,58,6,1
288,288,58,7,1
289,289,58,2,1
290,290,191,6,3
291,291,191,4,3
292,292,191,7,3
293,293,191,8,2
294,294,191,2,3
295,295,189,6,2
296,296,189,2,2
297,297,391,9,2
298,298,391,6,3
299,299,391,7,1
300,300,391,11,2
301,301,391,2,3
302,302,351,9,2
303,303,351,6,3
304,304,351,2,3
305,305,584,2,2
306,306,584,4,2
307,307,584,6,2
308,308,584,7,3
309,309,584,10,1
310,310,584,5,2
311,311,289,9,2
312,312,289,6,2
313,313,289,10,2
314,314,289,2,3
315,315,431,6,2
316,316,431,10,1
317,317,431,2,2
318,318,40,6,3
319,319,40,2,3
320,320,571,9,3
321,321,571,6,2
322,322,571,1,2
323,323,571,2,2
324,324,259,10,1
325,325,259,2,1
326,326,130,10,2
327,327,130,6,2
328,328,130,1,1
329,329,130,2,2
330,330,447,10,2
331,331,447,6,3
332,332,447,1,2
333,333,447,2,3
334,334,240,6,3
335,335,240,10,2
336,336,240,2,3
337,337,145,9,2
338,338,145,6,3
339,339,145,11,2
340,340,145,2,3
341,341,225,6,3
342,342,225,10,1
343,343,225,2,2
344,344,296,6,3
345,345,296,10,3
346,346,296,2,3
347,347,180,9,3
348,348,180,6,2
349,349,180,1,2
350,350,180,8,2
351,351,180,2,2
352,352,450,6,2
353,353,450,10,2
354,354,450,2,3
355,355,590,6,2
356,356,590,10,3
357,357,590,2,2
358,358,480,6,2
359,359,480,10,2
360,360,480,2,2
361,361,266,9,2
362,362,266,6,2
363,363,266,10,1
364,364,266,2,2
365,365,398,6,3
366,366,398,10,3
367,367,398,2,3
368,368,464,2,3
369,369,464,3,1
370,370,464,6,3
371,371,464,7,1
372,372,464,9,3
373,373,464,5,2
374,374,153,6,3
375,375,153,10,1
376,376,153,2,3
377,377,540,6,3
378,378,540,10,3
379,379,540,2,3
380,380,423,6,3
381,381,423,10,2
382,382,423,2,3
383,383,585,6,4
384,384,585,10,3
385,385,585,2,4
386,386,477,9,2
387,387,477,6,2
388,388,477,10,1
389,389,477,11,2
390,390,477,2,2
391,391,617,10,2
392,392,617,6,2
393,393,617,1,1
394,394,617,2,2
395,395,474,0,2
396,396,474,1,2
397,397,474,2,3
398,398,474,6,3
399,399,474,7,1
400,400,474,8,2
401,401,474,9,2
402,402,474,11,2
403,403,334,9,2
404,404,334,6,3
405,405,334,10,3
406,406,334,2,3
407,407,440,6,3
408,408,440,1,2
409,409,440,2,3
410,410,31,10,1
411,411,31,6,2
412,412,31,1,2
413,413,31,8,2
414,414,31,2,2
415,415,108,6,3
416,416,108,1,2
417,417,108,2,3
418,418,71,0,1
419,419,71,2,2
420,420,71,6,2
421,421,71,8,1
422,422,71,10,1
423,423,71,11,2
424,424,202,9,2
425,425,202,6,3
426,426,202,2,3
427,427,7,6,2
428,428,7,10,1
429,429,7,2,2
430,430,412,6,1
431,431,412,10,1
432,432,412,2,1
433,433,412,5,1
434,434,515,0,1
435,435,515,1,1
436,436,515,2,3
437,437,515,3,1
438,438,515,6,3
439,439,515,7,1
440,440,515,9,2
441,441,515,10,1
442,442,515,11,2
443,443,175,6,3
444,444,175,10,3
445,445,175,2,3
446,446,539,9,1
447,447,539,7,1
448,448,539,2,1
449,449,419,9,4
450,450,419,6,4
451,451,419,7,2
452,452,419,2,5
453,453,72,9,2
454,454,72,6,2
455,455,72,2,2
456,456,62,10,2
457,457,62,6,2
458,458,62,1,1
459,459,62,2,2
460,460,503,9,2
461,461,503,6,3
462,462,503,2,3
463,463,508,6,3
464,464,508,10,2
465,465,508,2,3
466,466,425,9,2
467,467,425,6,2
468,468,425,2,2
469,469,115,9,3
470,470,115,6,3
471,471,115,10,2
472,472,115,2,3
473,473,446,9,1
474,474,446,2,1
475,475,237,9,2
476,476,237,6,2
477,477,237,11,2
478,478,237,2,2
479,479,139,6,2
480,480,139,2,2
481,481,258,9,3
482,482,258,6,3
483,483,258,10,1
484,484,258,2,3
485,485,603,9,4
486,486,603,6,2
487,487,603,8,1
488,488,603,2,3
489,489,69,9,1
490,490,69,10,1
491,491,69,2,1
492,492,359,6,2
493,493,359,10,1
494,494,359,2,2
495,495,330,6,3
496,496,330,10,2
497,497,330,2,3
498,498,188,9,2
499,499,188,6,2
500,500,188,1,2
501,501,188,10,1
502,502,188,2,3
503,503,542,9,2
504,504,542,6,2
505,505,542,11,1
506,506,542,2,2
507,507,448,9,1
508,508,448,2,1
509,509,530,1,1
510,510,530,2,2
511,511,530,4,1
512,512,530,6,3
513,513,530,9,3
514,514,530,10,1
515,515,530,11,1
516,516,434,9,3
517,517,434,6,2
518,518,434,10,2
519,519,434,2,2
520,520,322,6,3
521,521,322,10,1
522,522,322,2,3
523,523,483,6,1
524,524,483,10,2
525,525,483,2,3
526,526,402,9,2
527,527,402,6,2
528,528,402,10,2
529,529,402,2,1
530,530,357,10,1
531,531,357,6,2
532,532,357,1,1
533,533,357,8,1
534,534,357,2,2
535,535,494,6,2
536,536,494,10,3
537,537,494,2,2
538,538,74,6,3
539,539,74,10,4
540,540,74,2,3
541,541,219,6,1
542,542,219,10,2
543,543,219,2,1
544,544,565,6,2
545,545,565,2,3
546,546,476,1,2
547,547,476,2,3
548,548,476,6,3
549,549,476,8,1
550,550,476,9,2
551,551,476,10,1
552,552,147,6,3
553,553,147,2,3
554,554,265,4,1
555,555,265,6,2
556,556,265,2,3
557,557,347,0,2
558,558,347,1,2
559,559,347,2,3
560,560,347,3,2
561,561,347,6,2
562,562,347,7,3
563,563,347,9,1
564,564,347,11,2
565,565,48,6,3
566,566,48,10,1
567,567,48,2,3
568,568,390,9,1
569,569,390,6,1
570,570,390,2,2
571,571,361,9,2
572,572,361,6,1
573,573,361,2,1
574,574,436,0,1
575,575,436,1,3
576,576,436,2,3
577,577,436,6,3
578,578,436,8,3
579,579,436,10,2
580,580,469,6,1
581,581,469,10,3
582,582,469,2,2
583,583,65,1,3
584,584,65,2,3
585,585,65,6,3
586,586,65,8,3
587,587,65,10,3
588,588,65,5,1
589,589,563,9,3
590,590,563,6,3
591,591,563,10,1
592,592,563,2,3
593,593,89,9,1
594,594,89,6,2
595,595,89,10,1
596,596,89,2,2
597,597,548,9,2
598,598,548,6,2
599,599,548,10,1
600,600,548,11,1
601,601,548,2,2
602,602,604,9,2
603,603,604,6,3
604,604,604,10,2
605,605,604,2,3
606,606,272,9,2
607,607,272,6,2
608,608,272,2,2
609,609,489,6,3
610,610,489,2,3
611,611,22,6,2
612,612,22,10,1
613,613,22,2,2
614,614,70,9,3
615,615,70,6,3
616,616,70,1,2
617,617,70,11,3
618,618,70,2,2
619,619,600,6,4
620,620,600,10,2
621,621,600,2,4
622,622,521,9,1
623,623,521,6,1
624,624,521,1,1
625,625,521,2,2
626,626,521,5,1
627,627,524,9,1
628,628,524,6,1
629,629,524,2,1
630,630,73,9,3
631,631,73,6,2
632,632,73,11,2
633,633,73,2,2
634,634,619,9,2
635,635,619,6,1
636,636,619,1,1
637,637,619,2,1
638,638,592,9,1
639,639,592,6,1
640,640,592,11,1
641,641,592,2,1
642,642,167,9,1
643,643,167,6,3
644,644,167,10,3
645,645,167,2,3
646,646,468,6,4
647,647,468,10,3
648,648,468,2,4
649,649,560,6,3
650,650,560,2,3
651,651,106,6,3
652,652,106,10,2
653,653,106,2,3
654,654,395,0,3
655,655,395,1,3
656,656,395,2,4
657,657,395,3,4
658,658,395,6,4
659,659,395,8,2
660,660,395,9,2
661,661,395,10,1
662,662,395,11,3
663,663,376,9,2
664,664,376,6,4
665,665,376,10,3
666,666,376,2,3
667,667,411,6,2
668,668,411,2,2
669,669,435,9,3
670,670,435,6,2
671,671,435,2,2
672,672,352,10,1
673,673,352,6,2
674,674,352,1,1
675,675,352,2,2
676,676,84,6,4
677,677,84,10,4
678,678,84,2,4
679,679,59,9,3
680,680,59,6,2
681,681,59,2,2
682,682,94,9,1
683,683,94,6,1
684,684,94,2,1
685,685,302,0,2
686,686,302,9,2
687,687,302,6,2
688,688,302,2,3
689,689,622,6,3
690,690,622,10,2
691,691,622,2,3
692,692,375,6,2
693,693,375,10,2
694,694,375,2,3
695,695,575,9,3
696,696,575,6,2
697,697,575,2,2
698,698,20,11,2
699,699,20,1,2
700,700,20,2,2
701,701,20,6,2
702,702,20,8,2
703,703,20,9,2
704,704,20,5,3
705,705,588,7,2
706,706,588,8,2
707,707,588,5,3
708,708,78,6,1
709,709,78,10,2
710,710,78,2,1
711,711,295,0,2
712,712,295,11,2
713,713,295,1,3
714,714,295,2,3
715,715,295,6,4
716,716,295,7,1
717,717,295,8,3
718,718,295,9,2
719,719,295,10,3
720,720,295,5,3
721,721,150,9,3
722,722,150,6,4
723,723,150,10,2
724,724,150,2,4
725,725,396,6,2
726,726,396,10,1
727,727,396,2,2
728,728,339,0,1
729,729,339,10,1
730,730,339,2,2
731,731,369,6,1
732,732,369,2,1
733,733,286,10,1
734,734,286,6,2
735,735,286,7,1
736,736,286,2,2
737,737,537,10,2
738,738,537,6,3
739,739,537,1,1
740,740,537,8,3
741,741,537,2,4
742,742,218,1,1
743,743,218,2,2
744,744,218,3,1
745,745,218,6,1
746,746,218,9,2
747,747,218,10,1
748,748,228,9,3
749,749,228,6,3
750,750,228,11,2
751,751,228,2,3
752,752,458,0,1
753,753,458,1,2
754,754,458,2,2
755,755,458,6,2
756,756,458,8,2
757,757,458,10,1
758,758,403,9,3
759,759,403,6,2
760,760,403,2,2
761,761,34,0,3
762,762,34,6,3
763,763,34,10,3
764,764,34,2,3
765,765,461,10,1
766,766,461,6,2
767,767,461,1,2
768,768,461,8,2
769,769,461,2,2
770,770,623,6,3
771,771,623,10,2
772,772,623,2,3
773,773,496,10,1
774,774,496,6,2
775,775,496,1,2
776,776,496,2,2
777,777,497,9,3
778,778,497,6,3
779,779,497,11,3
780,780,497,2,3
781,781,38,6,3
782,782,38,1,3
783,783,38,2,3
784,784,340,6,2
785,785,340,2,2
786,786,462,6,3
787,787,462,2,3
788,788,314,9,2
789,789,314,6,2
790,790,314,1,2
791,791,314,10,2
792,792,314,2,2
793,793,407,6,1
794,794,407,10,1
795,795,407,2,1
796,796,350,6,3
797,797,350,8,2
798,798,350,2,3
799,799,443,6,4
800,800,443,10,2
801,801,443,2,3
802,802,599,1,2
803,803,599,2,3
804,804,599,6,3
805,805,599,8,2
806,806,599,9,2
807,807,599,10,1
808,808,599,11,2
809,809,559,10,1
810,810,559,6,2
811,811,559,1,1
812,812,559,2,2
813,813,284,0,3
814,814,284,1,2
815,815,284,2,3
816,816,284,6,3
817,817,284,8,2
818,818,284,9,3
819,819,490,6,2
820,820,490,10,2
821,821,490,2,2
822,822,381,9,3
823,823,381,6,3
824,824,381,10,1
825,825,381,11,3
826,826,381,2,3
827,827,342,6,3
828,828,342,1,1
829,829,342,2,3
830,830,298,6,3
831,831,298,10,2
832,832,298,2,3
833,833,299,1,2
834,834,299,2,4
835,835,299,6,4
836,836,299,8,2
837,837,299,9,3
838,838,299,11,1
839,839,262,6,3
840,840,262,10,3
841,841,262,2,3
842,842,172,10,1
843,843,172,6,2
844,844,172,7,1
845,845,172,2,2
846,846,507,9,2
847,847,507,6,3
848,848,507,10,1
849,849,507,2,3
850,850,507,7,1
851,851,336,9,2
852,852,336,6,2
853,853,336,2,2
854,854,533,6,1
855,855,533,1,1
856,856,533,2,2
857,857,533,5,1
858,858,506,9,3
859,859,506,6,2
860,860,506,10,2
861,861,506,11,3
862,862,506,2,2
863,863,409,6,2
864,864,409,10,2
865,865,409,2,2
866,866,520,3,1
867,867,520,6,2
868,868,520,1,1
869,869,520,2,1
870,870,156,9,3
871,871,156,6,4
872,872,156,10,3
873,873,156,2,4
874,874,580,9,3
875,875,580,6,2
876,876,580,11,3
877,877,580,2,2
878,878,26,6,2
879,879,26,7,2
880,880,26,2,2
881,881,432,9,2
882,882,432,6,2
883,883,432,1,2
884,884,432,10,1
885,885,432,2,3
886,886,288,0,1
887,887,288,1,3
888,888,288,2,3
889,889,288,6,3
890,890,288,8,3
891,891,288,9,3
892,892,288,11,2
893,893,18,9,3
894,894,18,6,13
895,895,18,10,1
896,896,18,2,2
897,897,179,3,1
898,898,179,0,2
899,899,179,6,2
900,900,179,2,2
901,901,358,0,2
902,902,358,6,1
903,903,358,10,2
904,904,358,2,2
905,905,532,6,3
906,906,532,10,2
907,907,532,2,3
908,908,422,6,3
909,909,422,10,3
910,910,422,2,3
911,911,250,0,2
912,912,250,11,4
913,913,250,1,4
914,914,250,2,4
915,915,250,4,1
916,916,250,6,3
917,917,250,7,2
918,918,250,8,3
919,919,250,9,4
920,920,250,5,1
921,921,399,1,2
922,922,399,2,5
923,923,399,4,2
924,924,399,6,3
925,925,399,8,3
926,926,399,9,1
927,927,399,5,1
928,928,270,9,2
929,929,270,6,2
930,930,270,2,2
931,931,567,10,1
932,932,567,6,3
933,933,567,1,1
934,934,567,2,2
935,935,318,6,4
936,936,318,10,2
937,937,318,2,5
938,938,170,9,2
939,939,170,6,2
940,940,170,1,1
941,941,170,10,1
942,942,170,2,2
943,943,370,6,2
944,944,370,1,2
945,945,370,2,2
946,946,598,1,1
947,947,598,2,3
948,948,598,6,2
949,949,598,8,1
950,950,598,9,3
951,951,598,11,2
952,952,166,6,3
953,953,166,10,3
954,954,166,2,3
955,955,236,0,3
956,956,236,1,4
957,957,236,2,3
958,958,236,3,3
959,959,236,4,2
960,960,236,6,3
961,961,236,7,2
962,962,236,8,3
963,963,236,9,3
964,964,236,11,4
965,965,88,0,1
966,966,88,1,2
967,967,88,2,3
968,968,88,3,1
969,969,88,6,3
970,970,88,7,2
971,971,88,9,2
972,972,88,10,1
973,973,88,5,2
974,974,220,9,4
975,975,220,6,3
976,976,220,2,2
977,977,222,9,3
978,978,222,6,3
979,979,222,10,2
980,980,222,2,4
981,981,297,9,2
982,982,297,6,1
983,983,297,10,1
984,984,297,2,1
985,985,254,6,3
986,986,254,1,2
987,987,254,2,3
988,988,470,9,1
989,989,470,6,3
990,990,470,1,2
991,991,470,10,2
992,992,470,2,2
993,993,456,9,2
994,994,456,6,2
995,995,456,10,1
996,996,456,2,2
997,997,164,0,2
998,998,164,1,2
999,999,164,2,2
1000,1000,164,4,1
1001,1001,164,6,2
1002,1002,164,8,2
1003,1003,164,10,3
1004,1004,595,6,1
1005,1005,595,10,1
1006,1006,595,2,2
1007,1007,602,9,2
1008,1008,602,6,2
1009,1009,602,2,2
1010,1010,122,0,4
1011,1011,122,1,2
1012,1012,122,2,4
1013,1013,122,6,4
1014,1014,122,8,2
1015,1015,122,9,2
1016,1016,122,10,2
1017,1017,122,11,1
1018,1018,386,9,2
1019,1019,386,6,2
1020,1020,386,10,1
1021,1021,386,2,2
1022,1022,466,6,3
1023,1023,466,10,3
1024,1024,466,2,3
1025,1025,321,9,1
1026,1026,321,6,3
1027,1027,321,10,1
1028,1028,321,11,1
1029,1029,321,2,4
1030,1030,275,3,1
1031,1031,275,9,2
1032,1032,275,6,3
1033,1033,275,10,1
1034,1034,275,2,3
1035,1035,424,0,2
1036,1036,424,6,2
1037,1037,424,10,1
1038,1038,424,2,2
1039,1039,315,9,3
1040,1040,315,6,3
1041,1041,315,1,2
1042,1042,315,10,1
1043,1043,315,2,3
1044,1044,568,9,3
1045,1045,568,6,4
1046,1046,568,10,3
1047,1047,568,2,4
1048,1048,610,9,2
1049,1049,610,6,3
1050,1050,610,10,1
1051,1051,610,11,2
1052,1052,610,2,3
1053,1053,282,6,2
1054,1054,282,7,1
1055,1055,282,2,2
1056,1056,471,6,2
1057,1057,471,10,2
1058,1058,471,2,2
1059,1059,214,9,1
1060,1060,214,6,3
1061,1061,214,2,3
1062,1062,260,9,2
1063,1063,260,6,2
1064,1064,260,2,2
1065,1065,93,6,2
1066,1066,93,10,1
1067,1067,93,2,2
1068,1068,609,9,2
1069,1069,609,6,2
1070,1070,609,1,1
1071,1071,609,2,2
1072,1072,193,9,1
1073,1073,193,6,1
1074,1074,193,2,1
1075,1075,187,4,2
1076,1076,187,10,1
1077,1077,187,6,2
1078,1078,187,2,2
1079,1079,441,0,1
1080,1080,441,2,4
1081,1081,441,6,4
1082,1082,441,8,1
1083,1083,441,9,2
1084,1084,441,10,1
1085,1085,441,11,2
1086,1086,509,6,3
1087,1087,509,10,1
1088,1088,509,11,2
1089,1089,509,2,3
1090,1090,27,7,1
1091,1091,27,6,3
1092,1092,27,1,1
1093,1093,27,2,3
1094,1094,123,9,3
1095,1095,123,6,3
1096,1096,123,2,3
1097,1097,199,9,3
1098,1098,199,6,3
1099,1099,199,2,3
1100,1100,273,9,2
1101,1101,273,6,2
1102,1102,273,11,1
1103,1103,273,2,2
1104,1104,413,1,2
1105,1105,413,2,3
1106,1106,413,6,3
1107,1107,413,7,1
1108,1108,413,9,2
1109,1109,413,11,2
1110,1110,268,9,2
1111,1111,268,6,2
1112,1112,268,1,1
1113,1113,268,11,2
1114,1114,268,2,2
1115,1115,551,6,2
1116,1116,551,10,1
1117,1117,551,2,2
1118,1118,401,10,1
1119,1119,401,6,1
1120,1120,401,1,1
1121,1121,401,2,1
1122,1122,346,6,4
1123,1123,346,10,3
1124,1124,346,2,4
1125,1125,554,6,3
1126,1126,554,10,3
1127,1127,554,2,3
1128,1128,605,9,1
1129,1129,605,6,1
1130,1130,605,1,1
1131,1131,605,10,1
1132,1132,605,2,1
1133,1133,541,9,1
1134,1134,541,6,2
1135,1135,541,2,2
1136,1136,344,10,1
1137,1137,344,6,3
1138,1138,344,7,3
1139,1139,344,2,3
1140,1140,344,5,1
1141,1141,19,3,1
1142,1142,19,9,1
1143,1143,19,6,2
1144,1144,19,2,2
1145,1145,19,0,2
1146,1146,531,9,2
1147,1147,531,11,2
1148,1148,531,4,1
1149,1149,531,6,3
1150,1150,531,2,3
1151,1151,203,9,3
1152,1152,203,6,4
1153,1153,203,10,3
1154,1154,203,2,4
1155,1155,356,1,2
1156,1156,356,2,3
1157,1157,356,3,1
1158,1158,356,6,4
1159,1159,356,9,1
1160,1160,356,10,2
1161,1161,356,11,1
1162,1162,21,9,4
1163,1163,21,6,2
1164,1164,21,1,3
1165,1165,21,8,3
1166,1166,21,2,3
1167,1167,510,9,3
1168,1168,510,6,2
1169,1169,510,10,1
1170,1170,510,2,2
1171,1171,607,9,4
1172,1172,607,6,3
1173,1173,607,7,1
1174,1174,607,2,3
1175,1175,405,6,2
1176,1176,405,10,1
1177,1177,405,2,2
1178,1178,348,6,2
1179,1179,348,10,1
1180,1180,348,2,2
1181,1181,467,6,2
1182,1182,467,2,2
1183,1183,221,9,3
1184,1184,221,6,1
1185,1185,221,10,2
1186,1186,221,2,1
1187,1187,221,7,1
1188,1188,278,6,4
1189,1189,278,10,2
1190,1190,278,2,4
1191,1191,558,10,1
1192,1192,558,2,1
1193,1193,29,6,1
1194,1194,29,1,1
1195,1195,29,2,1
1196,1196,3,9,2
1197,1197,3,6,3
1198,1198,3,10,1
1199,1199,3,11,2
1200,1200,3,2,3
1201,1201,601,9,3
1202,1202,601,6,1
1203,1203,601,2,1
1204,1204,90,9,3
1205,1205,90,6,2
1206,1206,90,10,2
1207,1207,90,2,2
1208,1208,90,7,1
1209,1209,519,1,1
1210,1210,519,2,1
1211,1211,285,9,1
1212,1212,285,6,3
1213,1213,285,10,2
1214,1214,285,11,2
1215,1215,285,2,3
1216,1216,96,6,3
1217,1217,96,10,3
1218,1218,96,2,3
1219,1219,23,6,3
1220,1220,23,10,3
1221,1221,23,2,3
1222,1222,15,0,2
1223,1223,15,10,1
1224,1224,15,6,1
1225,1225,15,1,1
1226,1226,15,2,1
1227,1227,312,6,2
1228,1228,312,10,2
1229,1229,312,2,2
1230,1230,213,9,3
1231,1231,213,6,1
1232,1232,213,2,1
1233,1233,502,6,2
1234,1234,502,1,2
1235,1235,502,2,2
1236,1236,132,9,4
1237,1237,132,6,3
1238,1238,132,10,2
1239,1239,132,2,3
1240,1240,587,9,1
1241,1241,587,6,2
1242,1242,587,10,2
1243,1243,587,2,2
1244,1244,229,6,2
1245,1245,229,2,2
1246,1246,363,9,2
1247,1247,363,6,2
1248,1248,363,1,3
1249,1249,363,8,2
1250,1250,363,2,2
1251,1251,14,1,2
1252,1252,14,2,2
1253,1253,14,6,3
1254,1254,14,9,2
1255,1255,14,10,2
1256,1256,14,11,2
1257,1257,445,10,1
1258,1258,365,6,2
1259,1259,365,10,1
1260,1260,365,2,2
1261,1261,165,6,2
1262,1262,165,10,3
1263,1263,165,2,2
1264,1264,451,9,2
1265,1265,451,6,4
1266,1266,451,10,2
1267,1267,451,11,3
1268,1268,451,2,4
1269,1269,281,6,2
1270,1270,281,2,2
1271,1271,146,9,2
1272,1272,146,6,3
1273,1273,146,2,1
1274,1274,528,0,3
1275,1275,528,2,3
1276,1276,528,6,3
1277,1277,528,8,3
1278,1278,528,9,3
1279,1279,528,10,2
1280,1280,269,10,1
1281,1281,269,6,3
1282,1282,269,7,1
1283,1283,269,2,3
1284,1284,300,6,3
1285,1285,300,10,1
1286,1286,300,2,12
1287,1287,274,6,2
1288,1288,274,10,1
1289,1289,274,2,2
1290,1290,383,9,3
1291,1291,383,6,1
1292,1292,383,1,1
1293,1293,383,10,1
1294,1294,383,2,2
1295,1295,293,9,1
1296,1296,293,6,2
1297,1297,293,10,2
1298,1298,293,11,1
1299,1299,293,2,2
1300,1300,433,3,1
1301,1301,433,0,1
1302,1302,433,6,2
1303,1303,433,10,1
1304,1304,433,2,3
1305,1305,454,10,3
1306,1306,454,6,3
1307,1307,454,1,2
1308,1308,454,2,3
1309,1309,103,2,2
1310,1310,103,3,1
1311,1311,103,6,3
1312,1312,103,9,3
1313,1313,103,10,1
1314,1314,103,11,3
1315,1315,230,0,2
1316,1316,230,1,1
1317,1317,230,2,2
1318,1318,230,3,1
1319,1319,230,6,3
1320,1320,230,9,2
1321,1321,230,10,1
1322,1322,230,11,1
1323,1323,479,6,2
1324,1324,479,1,1
1325,1325,479,2,2
1326,1326,439,9,2
1327,1327,439,6,1
1328,1328,439,1,2
1329,1329,439,11,3
1330,1330,439,2,2
1331,1331,91,2,2
1332,1332,91,4,1
1333,1333,91,6,2
1334,1334,91,9,2
1335,1335,91,10,1
1336,1336,91,11,2
1337,1337,578,9,2
1338,1338,578,6,4
1339,1339,578,10,3
1340,1340,578,2,4
1341,1341,131,6,2
1342,1342,131,10,1
1343,1343,131,2,2
1344,1344,177,6,3
1345,1345,177,2,3
1346,1346,362,10,1
1347,1347,362,6,2
1348,1348,362,7,2
1349,1349,362,2,2
1350,1350,152,1,1
1351,1351,152,6,3
1352,1352,152,7,2
1353,1353,152,10,2
1354,1354,152,2,3
1355,1355,255,9,3
1356,1356,255,6,1
1357,1357,255,2,1
1358,1358,116,0,1
1359,1359,116,11,3
1360,1360,116,1,1
1361,1361,116,2,2
1362,1362,116,4,1
1363,1363,116,6,2
1364,1364,116,8,2
1365,1365,116,10,1
1366,1366,116,5,1
1367,1367,158,6,2
1368,1368,158,10,2
1369,1369,158,2,2
1370,1370,397,9,3
1371,1371,397,6,4
1372,1372,397,11,3
1373,1373,397,2,3
1374,1374,200,10,1
1375,1375,200,6,3
1376,1376,200,1,2
1377,1377,200,8,2
1378,1378,200,2,3
1379,1379,366,6,3
1380,1380,366,2,2
1381,1381,366,5,1
1382,1382,49,7,1
1383,1383,49,2,1
1384,1384,49,5,1
1385,1385,30,6,2
1386,1386,30,7,2
1387,1387,30,2,2
1388,1388,30,5,2
1389,1389,261,10,1
1390,1390,261,6,3
1391,1391,261,1,1
1392,1392,261,2,3
1393,1393,50,9,1
1394,1394,50,6,2
1395,1395,50,10,3
1396,1396,50,2,2
1397,1397,215,0,1
1398,1398,215,6,1
1399,1399,215,10,2
1400,1400,215,2,2
1401,1401,535,9,2
1402,1402,535,6,2
1403,1403,535,2,2
1404,1404,525,6,2
1405,1405,525,10,2
1406,1406,525,2,2
1407,1407,128,1,2
1408,1408,128,2,3
1409,1409,128,4,1
1410,1410,128,6,2
1411,1411,128,8,2
1412,1412,128,10,1
1413,1413,198,6,1
1414,1414,198,10,1
1415,1415,198,2,1
1416,1416,343,10,2
1417,1417,343,6,4
1418,1418,343,1,2
1419,1419,343,2,4
1420,1420,246,0,1
1421,1421,246,1,1
1422,1422,246,2,2
1423,1423,246,6,2
1424,1424,246,9,2
1425,1425,246,10,1
1426,1426,442,9,1
1427,1427,442,6,3
1428,1428,442,2,3
1429,1429,329,6,2
1430,1430,329,2,1
1431,1431,186,9,1
1432,1432,186,6,5
1433,1433,186,10,1
1434,1434,186,11,2
1435,1435,186,2,3
1436,1436,572,10,1
1437,1437,572,6,1
1438,1438,572,7,2
1439,1439,572,2,1
1440,1440,572,5,2
1441,1441,195,10,1
1442,1442,195,6,2
1443,1443,195,7,2
1444,1444,195,2,2
1445,1445,154,9,2
1446,1446,154,6,5
1447,1447,154,10,2
1448,1448,154,8,1
1449,1449,154,2,4
1450,1450,235,9,3
1451,1451,235,6,2
1452,1452,235,10,1
1453,1453,235,2,2
1454,1454,406,0,2
1455,1455,406,6,2
1456,1456,406,10,2
1457,1457,406,2,3
1458,1458,52,10,2
1459,1459,52,6,4
1460,1460,52,1,2
1461,1461,52,2,3
1462,1462,316,6,1
1463,1463,316,10,2
1464,1464,316,2,2
1465,1465,68,6,2
1466,1466,68,10,2
1467,1467,68,2,2
1468,1468,444,6,3
1469,1469,444,10,3
1470,1470,444,2,3
1471,1471,113,9,1
1472,1472,113,6,2
1473,1473,113,7,2
1474,1474,113,11,1
1475,1475,113,2,2
1476,1476,238,2,3
1477,1477,238,4,1
1478,1478,238,6,3
1479,1479,238,11,1
1480,1480,238,10,1
1481,1481,238,5,1
1482,1482,212,10,1
1483,1483,212,6,2
1484,1484,212,1,2
1485,1485,212,2,2
1486,1486,210,0,1
1487,1487,210,9,4
1488,1488,210,6,3
1489,1489,210,2,2
1490,1490,544,6,3
1491,1491,544,10,3
1492,1492,544,2,3
1493,1493,360,6,2
1494,1494,360,1,2
1495,1495,360,8,2
1496,1496,360,2,2
1497,1497,92,9,4
1498,1498,92,6,3
1499,1499,92,10,2
1500,1500,92,2,3
1501,1501,394,9,3
1502,1502,394,6,3
1503,1503,394,11,2
1504,1504,394,2,3
1505,1505,137,6,3
1506,1506,137,1,2
1507,1507,137,2,3
1508,1508,99,6,3
1509,1509,99,7,2
1510,1510,99,2,3
1511,1511,256,6,3
1512,1512,256,10,3
1513,1513,256,2,3
1514,1514,8,9,2
1515,1515,8,6,2
1516,1516,8,10,1
1517,1517,8,2,2
1518,1518,294,9,2
1519,1519,294,6,2
1520,1520,294,11,2
1521,1521,294,2,2
1522,1522,504,9,1
1523,1523,504,6,2
1524,1524,504,10,1
1525,1525,504,2,2
1526,1526,114,0,3
1527,1527,114,2,3
1528,1528,114,4,1
1529,1529,114,6,3
1530,1530,114,10,3
1531,1531,114,5,3
1532,1532,505,6,2
1533,1533,505,10,3
1534,1534,505,2,2
1535,1535,310,6,3
1536,1536,310,10,2
1537,1537,310,8,1
1538,1538,310,2,2
1539,1539,129,6,3
1540,1540,129,1,2
1541,1541,129,8,2
1542,1542,129,2,3
1543,1543,66,6,2
1544,1544,66,10,2
1545,1545,66,2,2
1546,1546,107,9,1
1547,1547,107,6,1
1548,1548,107,1,1
1549,1549,107,2,1
1550,1550,491,6,2
1551,1551,491,10,3
1552,1552,491,2,2
1553,1553,42,1,1
1554,1554,42,2,2
1555,1555,42,3,3
1556,1556,42,6,2
1557,1557,42,7,1
1558,1558,42,10,1
1559,1559,387,6,3
1560,1560,387,10,1
1561,1561,387,2,3
1562,1562,482,9,2
1563,1563,482,6,3
1564,1564,482,11,2
1565,1565,482,2,2
1566,1566,304,9,1
1567,1567,304,6,2
1568,1568,304,10,1
1569,1569,304,2,2
1570,1570,13,6,3
1571,1571,13,10,3
1572,1572,13,2,3
1573,1573,430,1,2
1574,1574,430,2,3
1575,1575,430,3,1
1576,1576,430,4,1
1577,1577,430,6,4
1578,1578,430,8,1
1579,1579,223,9,1
1580,1580,223,6,2
1581,1581,223,10,1
1582,1582,223,2,2
1583,1583,223,7,1
1584,1584,140,0,2
1585,1585,140,6,2
1586,1586,140,2,2
1587,1587,615,6,3
1588,1588,615,10,2
1589,1589,615,2,3
1590,1590,35,9,1
1591,1591,35,6,1
1592,1592,35,10,2
1593,1593,35,2,1
1594,1594,5,6,4
1595,1595,5,10,3
1596,1596,5,2,4
1597,1597,227,6,2
1598,1598,227,10,2
1599,1599,227,2,2
1600,1600,499,3,2
1601,1601,499,6,2
1602,1602,499,10,1
1603,1603,499,2,2
1604,1604,57,9,2
1605,1605,57,6,2
1606,1606,57,11,1
1607,1607,57,2,2
1608,1608,33,4,1
1609,1609,33,10,3
1610,1610,33,6,2
1611,1611,33,2,2
1612,1612,41,0,1
1613,1613,41,1,3
1614,1614,41,2,3
1615,1615,41,3,1
1616,1616,41,6,2
1617,1617,41,8,1
1618,1618,41,10,2
1619,1619,41,5,1
1620,1620,410,10,1
1621,1621,410,6,2
1622,1622,410,1,2
1623,1623,410,2,2
1624,1624,303,6,2
1625,1625,303,10,2
1626,1626,303,2,2
1627,1627,378,6,3
1628,1628,378,10,3
1629,1629,378,2,2
1630,1630,543,10,3
1631,1631,543,6,2
1632,1632,543,1,2
1633,1633,543,2,2
1634,1634,438,6,3
1635,1635,438,10,3
1636,1636,438,2,3
1637,1637,437,9,4
1638,1638,437,6,3
1639,1639,437,10,2
1640,1640,437,2,3
1641,1641,109,10,1
1642,1642,109,6,3
1643,1643,109,1,2
1644,1644,109,2,4
1645,1645,583,0,2
1646,1646,583,1,3
1647,1647,583,2,4
1648,1648,583,6,3
1649,1649,583,7,2
1650,1650,583,8,3
1651,1651,583,9,2
1652,1652,583,11,2
1653,1653,522,6,4
1654,1654,522,11,4
1655,1655,522,2,5
1656,1656,486,9,1
1657,1657,486,6,1
1658,1658,486,2,1
1659,1659,61,9,2
1660,1660,61,6,2
1661,1661,61,10,2
1662,1662,61,2,2
1663,1663,232,9,1
1664,1664,232,2,1
1665,1665,564,9,2
1666,1666,564,6,2
1667,1667,564,1,2
1668,1668,564,10,1
1669,1669,564,2,2
1670,1670,216,10,3
1671,1671,511,6,3
1672,1672,511,7,2
1673,1673,511,2,3
1674,1674,511,5,2
1675,1675,81,9,1
1676,1676,81,6,2
1677,1677,81,11,2
1678,1678,81,2,2
1679,1679,498,6,2
1680,1680,498,1,1
1681,1681,498,2,2
1682,1682,176,1,2
1683,1683,176,2,3
1684,1684,176,6,2
1685,1685,176,8,2
1686,1686,176,9,2
1687,1687,176,10,2
1688,1688,355,10,3
1689,1689,355,6,3
1690,1690,355,7,1
1691,1691,355,11,3
1692,1692,355,2,3
1693,1693,64,9,2
1694,1694,64,11,2
1695,1695,64,1,3
1696,1696,64,2,2
1697,1697,64,7,2
1698,1698,263,7,1
1699,1699,263,6,2
1700,1700,263,1,2
1701,1701,263,2,2
1702,1702,512,0,1
1703,1703,512,1,2
1704,1704,512,2,2
1705,1705,512,6,2
1706,1706,512,8,1
1707,1707,512,9,2
1708,1708,512,10,2
1709,1709,231,7,2
1710,1710,231,6,4
1711,1711,231,1,3
1712,1712,231,2,4
1713,1713,82,9,2
1714,1714,82,6,3
1715,1715,82,2,3
1716,1716,125,0,2
1717,1717,125,2,4
1718,1718,125,6,4
1719,1719,125,9,3
1720,1720,125,10,2
1721,1721,125,11,1
1722,1722,495,6,3
1723,1723,495,1,1
1724,1724,495,2,3
1725,1725,217,6,2
1726,1726,217,2,2
1727,1727,338,6,1
1728,1728,338,10,2
1729,1729,338,2,1
1730,1730,606,6,3
1731,1731,606,10,2
1732,1732,606,2,3
1733,1733,144,6,1
1734,1734,144,2,2
1735,1735,144,5,1
1736,1736,157,9,2
1737,1737,157,6,2
1738,1738,157,10,1
1739,1739,157,2,2
1740,1740,100,6,1
1741,1741,100,10,1
1742,1742,100,2,1
1743,1743,290,6,2
1744,1744,290,10,2
1745,1745,290,2,2
1746,1746,85,6,3
1747,1747,85,10,2
1748,1748,85,2,3
1749,1749,148,10,1
1750,1750,148,6,2
1751,1751,148,1,2
1752,1752,148,2,2
1753,1753,621,6,2
1754,1754,621,10,1
1755,1755,621,2,2
1756,1756,110,6,2
1757,1757,110,2,2
1758,1758,110,5,2
1759,1759,325,1,2
1760,1760,325,2,4
1761,1761,325,6,4
1762,1762,325,7,1
1763,1763,325,9,1
1764,1764,325,10,1
1765,1765,325,11,1
1766,1766,6,10,2
1767,1767,6,6,4
1768,1768,6,1,2
1769,1769,6,2,4
1770,1770,45,9,2
1771,1771,45,6,2
1772,1772,45,10,1
1773,1773,45,2,3
1774,1774,149,9,2
1775,1775,149,6,3
1776,1776,149,11,3
1777,1777,149,2,2
1778,1778,353,9,3
1779,1779,353,6,2
1780,1780,353,10,1
1781,1781,353,2,2
1782,1782,611,9,3
1783,1783,611,6,2
1784,1784,611,10,1
1785,1785,611,2,2
1786,1786,546,9,1
1787,1787,546,6,1
1788,1788,546,2,1
1789,1789,80,9,3
1790,1790,80,6,3
1791,1791,80,10,2
1792,1792,80,11,4
1793,1793,80,2,4
1794,1794,60,9,2
1795,1795,60,6,2
1796,1796,60,2,2
1797,1797,455,6,3
1798,1798,455,10,3
1799,1799,455,2,3
1800,1800,549,9,3
1801,1801,549,6,2
1802,1802,549,11,3
1803,1803,549,2,2
1804,1804,291,6,2
1805,1805,291,1,2
1806,1806,291,11,1
1807,1807,291,2,2
1808,1808,183,9,2
1809,1809,183,6,1
1810,1810,183,10,1
1811,1811,183,2,1
1812,1812,233,6,3
1813,1813,233,10,3
1814,1814,233,2,3
1815,1815,579,9,1
1816,1816,579,6,1
1817,1817,579,10,2
1818,1818,579,2,1
1819,1819,224,10,1
1820,1820,224,6,2
1821,1821,224,1,1
1822,1822,224,2,2
1823,1823,513,9,3
1824,1824,513,6,2
1825,1825,513,10,1
1826,1826,513,2,1
1827,1827,127,6,3
1828,1828,127,10,3
1829,1829,127,2,3
1830,1830,25,9,1
1831,1831,25,6,1
1832,1832,25,2,1
1833,1833,501,6,2
1834,1834,501,2,2
1835,1835,492,1,2
1836,1836,492,2,2
1837,1837,492,6,2
1838,1838,492,8,3
1839,1839,492,9,2
1840,1840,492,5,1
1841,1841,204,6,3
1842,1842,204,10,4
1843,1843,204,2,3
1844,1844,287,6,1
1845,1845,287,10,2
1846,1846,287,2,2
1847,1847,119,3,1
1848,1848,119,0,2
1849,1849,119,6,2
1850,1850,119,1,1
1851,1851,119,2,2
1852,1852,472,6,2
1853,1853,472,10,2
1854,1854,472,2,3
1855,1855,327,9,3
1856,1856,327,6,2
1857,1857,327,10,2
1858,1858,327,2,2
1859,1859,160,1,1
1860,1860,160,2,2
1861,1861,160,6,2
1862,1862,160,8,1
1863,1863,160,9,3
1864,1864,160,10,2
1865,1865,420,6,3
1866,1866,420,10,4
1867,1867,420,2,3
1868,1868,427,6,3
1869,1869,427,10,1
1870,1870,427,2,3
1871,1871,481,6,4
1872,1872,481,10,2
1873,1873,481,11,2
1874,1874,481,2,4
1875,1875,118,3,2
1876,1876,118,6,3
1877,1877,118,10,3
1878,1878,118,2,3
1879,1879,317,9,2
1880,1880,317,6,2
1881,1881,317,10,2
1882,1882,317,2,2
1883,1883,379,6,3
1884,1884,379,10,2
1885,1885,379,2,3
1886,1886,39,9,2
1887,1887,39,4,1
1888,1888,39,1,2
1889,1889,39,6,2
1890,1890,39,2,2
1891,1891,76,10,2
1892,1892,76,6,2
1893,1893,76,1,2
1894,1894,76,2,3
1895,1895,608,1,1
1896,1896,608,2,4
1897,1897,608,6,4
1898,1898,608,7,2
1899,1899,608,11,3
1900,1900,608,9,1
1901,1901,608,10,1
1902,1902,608,5,1
1903,1903,77,4,1
1904,1904,77,1,2
1905,1905,77,6,1
1906,1906,77,2,2
1907,1907,326,6,3
1908,1908,326,2,3
1909,1909,416,6,3
1910,1910,416,10,2
1911,1911,416,2,3
1912,1912,459,6,2
1913,1913,459,1,1
1914,1914,459,2,2
1915,1915,36,9,2
1916,1916,36,6,2
1917,1917,36,10,1
1918,1918,36,2,2
1919,1919,582,9,3
1920,1920,582,6,2
1921,1921,582,7,2
1922,1922,582,11,2
1923,1923,582,2,2
1924,1924,301,9,2
1925,1925,301,6,2
1926,1926,301,10,2
1927,1927,301,2,2
1928,1928,341,9,2
1929,1929,341,6,2
1930,1930,341,10,2
1931,1931,341,2,2
1932,1932,184,9,2
1933,1933,184,6,2
1934,1934,184,1,1
1935,1935,184,11,2
1936,1936,184,2,2
1937,1937,174,6,1
1938,1938,174,10,1
1939,1939,174,2,2
1940,1940,239,1,3
1941,1941,239,2,5
1942,1942,239,6,4
1943,1943,239,8,2
1944,1944,239,9,1
1945,1945,239,10,2
1946,1946,239,11,1
1947,1947,206,6,3
1948,1948,206,2,3
1949,1949,267,9,2
1950,1950,267,6,3
1951,1951,267,2,3
1952,1952,538,1,1
1953,1953,538,2,2
1954,1954,538,6,2
1955,1955,538,7,2
1956,1956,538,8,2
1957,1957,538,5,1
1958,1958,392,6,3
1959,1959,392,10,2
1960,1960,392,2,3
1961,1961,277,9,3
1962,1962,277,6,3
1963,1963,277,10,1
1964,1964,277,2,3
1965,1965,4,6,3
1966,1966,4,10,3
1967,1967,4,2,3
1968,1968,141,10,1
1969,1969,141,6,2
1970,1970,141,1,1
1971,1971,141,2,2
1972,1972,307,0,2
1973,1973,307,9,2
1974,1974,307,6,2
1975,1975,307,2,2
1976,1976,616,10,2
1977,1977,616,6,3
1978,1978,616,7,1
1979,1979,616,2,2
1980,1980,136,9,2
1981,1981,136,6,2
1982,1982,136,1,2
1983,1983,136,10,2
1984,1984,136,2,4
1985,1985,569,10,1
1986,1986,569,6,3
1987,1987,569,1,1
1988,1988,569,2,2
1989,1989,552,6,2
1990,1990,552,10,2
1991,1991,552,2,2
1992,1992,335,9,1
1993,1993,335,6,1
1994,1994,335,10,1
1995,1995,335,2,1
1996,1996,421,3,1
1997,1997,421,6,2
1998,1998,421,10,2
1999,1999,421,2,2
2000,2000,163,0,1
2001,2001,163,9,3
2002,2002,163,6,2
2003,2003,163,1,1
2004,2004,163,2,1
2005,2005,280,6,3
2006,2006,280,10,2
2007,2007,280,2,3
2008,2008,201,9,2
2009,2009,201,6,3
2010,2010,201,10,2
2011,2011,201,2,3
2012,2012,56,9,2
2013,2013,56,6,2
2014,2014,56,1,2
2015,2015,56,10,2
2016,2016,56,2,2
2017,2017,377,10,1
2018,2018,377,6,1
2019,2019,377,1,1
2020,2020,377,2,2
2021,2021,414,9,1
2022,2022,414,11,2
2023,2023,414,4,2
2024,2024,414,6,3
2025,2025,414,2,3
2026,2026,87,6,3
2027,2027,87,1,1
2028,2028,87,2,3
2029,2029,333,6,3
2030,2030,333,10,2
2031,2031,333,2,3
2032,2032,364,9,3
2033,2033,364,6,3
2034,2034,364,7,1
2035,2035,364,2,3
2036,2036,97,6,2
2037,2037,97,2,2
2038,2038,168,6,2
2039,2039,168,10,3
2040,2040,168,2,2
2041,2041,95,9,1
2042,2042,95,6,1
2043,2043,95,11,1
2044,2044,95,2,2
2045,2045,169,6,1
2046,2046,169,10,2
2047,2047,169,2,2
2048,2048,372,9,2
2049,2049,372,6,1
2050,2050,372,10,2
2051,2051,372,2,2
2052,2052,426,6,3
2053,2053,426,10,3
2054,2054,426,2,3
2055,2055,12,0,2
2056,2056,12,6,2
2057,2057,12,10,1
2058,2058,12,2,2
2059,2059,185,6,3
2060,2060,185,2,3
2061,2061,242,9,2
2062,2062,242,6,2
2063,2063,242,10,2
2064,2064,242,2,2
2065,2065,63,10,1
2066,2066,55,0,1
2067,2067,55,6,2
2068,2068,55,10,1
2069,2069,55,2,2
2070,2070,452,10,2
2071,2071,452,6,3
2072,2072,452,1,3
2073,2073,452,2,3
2074,2074,323,6,3
2075,2075,323,10,3
2076,2076,323,2,3
2077,2077,192,6,3
2078,2078,192,10,4
2079,2079,192,2,3
2080,2080,244,9,1
2081,2081,244,6,1
2082,2082,244,2,1
2083,2083,105,6,2
2084,2084,105,2,2
2085,2085,393,9,1
2086,2086,393,1,1
2087,2087,393,2,1
2088,2088,257,6,2
2089,2089,257,10,2
2090,2090,257,2,2
2091,2091,196,3,1
2092,2092,196,9,1
2093,2093,196,6,2
2094,2094,196,2,2
2095,2095,319,9,3
2096,2096,319,6,3
2097,2097,319,10,2
2098,2098,319,2,3
2099,2099,624,1,2
2100,2100,624,2,2
2101,2101,624,4,2
2102,2102,624,6,2
2103,2103,624,7,2
2104,2104,624,10,2
2105,2105,624,5,1
2106,2106,614,0,1
2107,2107,614,6,1
2108,2108,614,10,1
2109,2109,614,2,1
2110,2110,194,1,3
2111,2111,194,2,3
2112,2112,194,6,3
2113,2113,194,7,2
2114,2114,194,10,2
2115,2115,194,5,3
2116,2116,83,1,2
2117,2117,83,2,2
2118,2118,83,6,2
2119,2119,83,9,2
2120,2120,83,10,1
2121,2121,83,11,2
2122,2122,591,9,2
2123,2123,591,6,4
2124,2124,591,10,3
2125,2125,591,2,4
2126,2126,487,6,1
2127,2127,487,7,1
2128,2128,487,2,1
2129,2129,389,9,3
2130,2130,389,6,3
2131,2131,389,10,1
2132,2132,389,11,2
2133,2133,389,2,3
2134,2134,17,6,3
2135,2135,17,2,3
2136,2136,209,9,2
2137,2137,209,6,3
2138,2138,209,2,3
2139,2139,345,4,1
2140,2140,345,6,1
2141,2141,345,2,2
2142,2142,514,1,2
2143,2143,514,2,2
2144,2144,514,6,2
2145,2145,514,7,1
2146,2146,514,8,1
2147,2147,514,9,2
2148,2148,514,10,1
2149,2149,112,9,1
2150,2150,112,6,2
2151,2151,112,2,2
2152,2152,557,11,3
2153,2153,557,1,2
2154,2154,557,2,3
2155,2155,557,6,3
2156,2156,557,7,1
2157,2157,557,8,2
2158,2158,557,9,3
2159,2159,557,10,1
2160,2160,557,5,1
2161,2161,349,10,1
2162,2162,349,6,2
2163,2163,349,1,2
2164,2164,349,2,2
2165,2165,138,9,1
2166,2166,138,6,2
2167,2167,138,10,1
2168,2168,138,2,2
2169,2169,415,9,3
2170,2170,415,6,3
2171,2171,415,11,2
2172,2172,415,2,3
2173,2173,594,7,1
2174,2174,594,6,1
2175,2175,594,1,1
2176,2176,594,2,2
2177,2177,594,5,1
2178,2178,475,6,3
2179,2179,475,1,3
2180,2180,475,8,3
2181,2181,475,2,3
2182,2182,529,6,1
2183,2183,529,10,1
2184,2184,529,2,1
2185,2185,337,9,3
2186,2186,337,6,3
2187,2187,337,1,3
2188,2188,337,8,2
2189,2189,337,2,3
2190,2190,292,6,1
2191,2191,292,10,3
2192,2192,292,2,2
2193,2193,577,0,2
2194,2194,577,11,2
2195,2195,577,1,2
2196,2196,577,2,4
2197,2197,577,3,2
2198,2198,577,6,3
2199,2199,577,7,1
2200,2200,577,8,2
2201,2201,577,9,3
2202,2202,577,5,1
2203,2203,485,3,2
2204,2204,485,6,4
2205,2205,485,10,1
2206,2206,485,2,3
2207,2207,245,2,3
2208,2208,245,6,3
2209,2209,245,7,2
2210,2210,245,9,3
2211,2211,245,10,2
2212,2212,245,5,1
2213,2213,612,9,1
2214,2214,612,6,1
2215,2215,612,2,1
2216,2216,205,9,2
2217,2217,205,6,2
2218,2218,205,10,1
2219,2219,205,2,2
2220,2220,16,9,3
2221,2221,16,6,2
2222,2222,16,10,2
2223,2223,16,2,2
2224,2224,493,9,2
2225,2225,493,6,3
2226,2226,493,10,1
2227,2227,493,11,4
2228,2228,493,2,3
2229,2229,534,9,2
2230,2230,534,6,3
2231,2231,534,10,2
2232,2232,534,2,3
2233,2233,126,6,3
2234,2234,126,10,3
2235,2235,126,2,4
2236,2236,208,3,1
2237,2237,208,0,1
2238,2238,208,6,1
2239,2239,208,8,1
2240,2240,208,2,1
2241,2241,593,6,2
2242,2242,593,10,2
2243,2243,593,11,2
2244,2244,593,2,2
2245,2245,618,0,2
2246,2246,618,6,2
2247,2247,618,10,1
2248,2248,618,2,2
2249,2249,371,9,1
2250,2250,371,6,1
2251,2251,371,10,1
2252,2252,371,2,1
2253,2253,371,7,1
2254,2254,102,10,1
2255,2255,102,4,1
2256,2256,102,1,7
2257,2257,102,6,2
2258,2258,102,2,2
2259,2259,308,6,2
2260,2260,308,10,3
2261,2261,308,2,3
2262,2262,465,0,1
2263,2263,465,6,3
2264,2264,465,10,1
2265,2265,465,2,3
2266,2266,368,9,2
2267,2267,368,6,3
2268,2268,368,2,3
2269,2269,596,9,3
2270,2270,596,6,3
2271,2271,596,2,2
2272,2272,143,9,2
2273,2273,143,6,2
2274,2274,143,11,2
2275,2275,143,2,2
2276,2276,556,10,2
2277,2277,556,6,2
2278,2278,556,1,2
2279,2279,556,2,2
2280,2280,111,0,1
2281,2281,111,1,2
2282,2282,111,2,2
2283,2283,111,6,2
2284,2284,111,9,1
2285,2285,111,10,1
2286,2286,613,9,2
2287,2287,613,6,2
2288,2288,613,1,2
2289,2289,613,2,2
2290,2290,133,6,3
2291,2291,133,2,3
2292,2292,573,6,4
2293,2293,573,10,3
2294,2294,573,2,3
2295,2295,550,9,2
2296,2296,550,11,2
2297,2297,550,4,2
2298,2298,550,6,2
2299,2299,550,2,2
2300,2300,173,1,2
2301,2301,173,2,4
2302,2302,173,6,4
2303,2303,173,8,2
2304,2304,173,9,2
2305,2305,173,10,1
2306,2306,173,11,2
2307,2307,243,3,3
2308,2308,243,6,3
2309,2309,243,2,2
2310,2310,279,6,2
2311,2311,279,10,1
2312,2312,279,2,2
2313,2313,37,4,1
2314,2314,37,1,1
2315,2315,37,6,2
2316,2316,37,2,2
2317,2317,37,8,1
2318,2318,51,6,2
2319,2319,51,10,3
2320,2320,51,2,2
2321,2321,311,9,2
2322,2322,311,6,3
2323,2323,311,10,1
2324,2324,311,2,3
2325,2325,516,6,3
2326,2326,516,8,2
2327,2327,516,2,3
2328,2328,367,9,2
2329,2329,367,6,3
2330,2330,367,1,2
2331,2331,367,11,2
2332,2332,367,2,3
2333,2333,382,10,1
2334,2334,382,6,2
2335,2335,382,1,2
2336,2336,382,2,2
2337,2337,313,9,1
2338,2338,313,6,3
2339,2339,313,10,2
2340,2340,313,11,1
2341,2341,313,2,3
2342,2342,276,10,2
2343,2343,276,6,3
2344,2344,276,1,2
2345,2345,276,2,3
2346,2346,10,9,2
2347,2347,10,6,3
2348,2348,10,2,3
2349,2349,328,9,2
2350,2350,328,6,2
2351,2351,328,1,1
2352,2352,328,11,2
2353,2353,328,2,2
2354,2354,517,6,3
2355,2355,517,10,1
2356,2356,517,2,3
2357,2357,589,9,2
2358,2358,589,6,2
2359,2359,589,1,2
2360,2360,589,11,2
2361,2361,589,2,3
2362,2362,400,9,2
2363,2363,400,6,4
2364,2364,400,11,3
2365,2365,400,2,3
2366,2366,79,6,3
2367,2367,79,10,4
2368,2368,79,2,3
2369,2369,53,10,3
2370,2370,53,6,4
2371,2371,53,7,4
2372,2372,53,2,4
2373,2373,429,9,2
2374,2374,429,6,2
2375,2375,429,10,1
2376,2376,429,2,2
2377,2377,429,7,1
2378,2378,207,6,3
2379,2379,207,10,3
2380,2380,207,2,2
2381,2381,553,6,1
2382,2382,553,1,1
2383,2383,553,2,1
2384,2384,526,10,1
2385,2385,526,6,2
2386,2386,526,7,3
2387,2387,526,2,2
2388,2388,161,6,4
2389,2389,161,10,3
2390,2390,161,2,4
2391,2391,523,0,1
2392,2392,523,10,1
2393,2393,523,6,3
2394,2394,523,1,1
2395,2395,523,2,3
2396,2396,408,6,5
2397,2397,408,10,1
2398,2398,408,2,5
2399,2399,182,6,2
2400,2400,182,10,3
2401,2401,182,2,2
2402,2402,211,9,2
2403,2403,211,6,3
2404,2404,211,10,2
2405,2405,211,11,1
2406,2406,211,2,3
2407,2407,43,6,3
2408,2408,43,10,3
2409,2409,43,2,3
2410,2410,253,9,2
2411,2411,253,6,2
2412,2412,253,10,1
2413,2413,253,2,2
2414,2414,500,6,3
2415,2415,500,1,2
2416,2416,500,8,3
2417,2417,500,2,3
